strut_id,defect,x0,y0,z0,x1,y1,z1,deep_interior
0,bent,64.0,57.0,33.0,108.1,98.6,18.7,0
7,bent,64.0,55.0,109.5,64.8,97.4,63.2,0
9,bent,142.2,55.2,32.8,100.6,57.1,66.5,0
10,missing,64.0,55.0,109.5,100.6,57.1,66.5,0
13,bent,64.8,97.4,63.2,108.1,98.6,18.7,0
16,bent,140.2,92.4,67.9,108.1,98.6,18.7,0
35,bent,217.0,55.4,107.0,178.4,56.0,68.1,0
37,bent,140.2,92.4,67.9,171.0,99.0,27.0,0
47,bent,179.3,132.9,68.2,171.0,99.0,27.0,0
53,bent,214.7,138.2,20.5,217.8,93.4,68.2,0
58,bent,217.0,55.4,107.0,257.0,55.4,68.5,0
90,bent,373.8,91.8,68.8,335.0,91.8,107.8,0
154,bent,529.7,53.3,109.1,569.0,54.0,69.5,0
197,bent,682.3,131.4,22.4,685.4,89.2,69.8,0
201,bent,754.5,124.4,38.0,761.8,87.2,69.1,0
212,bent,761.8,87.2,69.1,729.0,99.0,22.0,0
214,missing,761.8,87.2,69.1,724.0,89.5,110.3,0
219,bent,724.8,127.1,70.9,729.0,99.0,22.0,0
229,bent,135.2,133.8,16.0,103.0,132.2,67.4,0
239,bent,103.0,132.2,67.4,106.3,171.4,26.7,0
248,bent,135.2,133.8,16.0,140.6,171.4,68.5,0
253,bent,214.7,138.2,20.5,179.3,132.9,68.2,0
256,bent,140.6,171.4,68.5,180.2,171.0,108.1,0
272,bent,214.7,138.2,20.5,218.9,171.3,68.7,0
397,bent,682.3,131.4,22.4,646.9,128.6,70.6,0
416,bent,682.3,131.4,22.4,687.1,166.8,70.2,0
417,disconnected,678.0,215.1,22.2,687.1,166.8,70.2,0
421,bent,754.4,201.0,34.4,761.1,166.2,71.4,0
424,bent,682.3,131.4,22.4,724.8,127.1,70.9,0
432,bent,761.1,166.2,71.4,725.9,174.8,32.6,0
450,bent,65.9,210.0,106.1,102.6,210.2,68.2,0
453,bent,66.6,248.8,68.2,109.3,249.7,23.0,0
463,bent,102.9,288.6,68.1,109.3,249.7,23.0,0
475,bent,219.5,211.5,107.1,180.0,211.7,67.4,0
492,bent,222.5,217.9,19.1,219.2,250.2,68.8,0
496,bent,222.5,217.9,19.1,257.3,211.2,70.1,0
523,bent,374.2,209.8,109.0,335.9,210.9,69.6,0
640,bent,754.4,201.0,34.4,761.3,244.8,71.4,0
644,bent,678.0,215.1,22.2,725.2,205.8,70.6,0
652,bent,761.3,244.8,71.4,732.0,254.0,25.0,0
659,bent,736.1,284.7,64.3,732.0,254.0,25.0,0
673,bent,66.6,327.2,68.0,103.0,329.0,28.0,0
721,bent,220.1,328.7,68.5,259.5,335.0,20.0,0
727,bent,258.3,290.0,68.5,259.5,335.0,20.0,0
761,bent,373.0,355.8,21.0,375.5,328.8,69.2,0
792,bent,453.9,327.3,69.9,492.2,327.3,109.4,0
846,bent,686.8,324.2,70.1,648.2,325.0,109.5,1
860,bent,757.7,277.2,32.3,762.1,321.6,69.7,0
864,disconnected,687.0,286.0,30.0,736.1,284.7,64.3,0
933,bent,221.9,448.9,24.2,220.1,407.3,68.9,0
944,disconnected,309.7,408.1,61.8,260.0,407.0,29.0,0
946,missing,309.7,408.1,61.8,258.7,407.2,109.4,0
957,disconnected,299.0,445.0,29.0,309.7,408.1,61.8,0
995,bent,415.6,367.4,70.1,422.7,401.9,20.6,0
1084,bent,693.6,366.2,20.2,727.4,361.8,70.2,0
1105,bent,68.0,524.5,31.5,67.6,484.7,68.9,0
1113,bent,67.6,484.7,68.9,105.0,486.0,24.0,0
1116,bent,142.8,485.6,68.6,105.0,486.0,24.0,0
1147,bent,182.0,525.4,69.1,185.2,483.2,22.2,0
1152,bent,221.9,448.9,24.2,220.4,486.1,69.2,0
1156,bent,221.9,448.9,24.2,259.5,446.8,69.3,0
1164,bent,298.3,485.9,69.6,270.2,487.3,20.8,0
1167,bent,259.5,446.8,69.3,270.2,487.3,20.8,0
1171,bent,259.6,525.2,69.5,270.2,487.3,20.8,0
1184,bent,298.3,485.9,69.6,338.1,486.1,108.9,0
1207,bent,454.3,445.8,109.3,414.9,445.6,70.0,1
1219,bent,415.8,524.5,69.9,411.0,487.0,20.0,0
1225,bent,454.5,518.5,22.5,454.8,484.9,69.9,0
1273,bent,611.6,517.4,21.6,610.6,482.6,70.9,0
1279,bent,688.0,442.1,110.2,649.2,443.1,70.3,1
1281,bent,610.6,482.6,70.9,649.0,474.8,20.8,0
1284,bent,687.5,481.0,71.5,649.0,474.8,20.8,0
1287,bent,649.2,443.1,70.3,649.0,474.8,20.8,0
1301,bent,758.1,520.8,25.9,763.5,480.2,71.5,0
1305,bent,756.5,439.6,25.6,727.2,441.4,70.8,0
1310,missing,687.5,481.0,71.5,735.3,521.2,75.0,1
1352,bent,144.8,524.2,22.2,182.0,525.4,69.1,0
1360,bent,220.8,564.3,69.8,184.0,562.4,22.1,0
1376,bent,224.0,522.0,27.0,259.6,525.2,69.5,0
1381,bent,220.8,564.3,69.8,262.6,561.2,20.2,0
1408,bent,377.4,563.9,69.4,338.5,560.5,25.0,0
1420,bent,375.5,514.8,19.2,377.4,563.9,69.4,0
1424,bent,375.5,514.8,19.2,415.8,524.5,69.9,0
1444,bent,454.5,518.5,22.5,455.1,563.2,70.2,0
1448,bent,454.5,518.5,22.5,494.5,523.9,70.6,0
1453,bent,455.1,563.2,70.2,493.5,561.0,19.7,0
1459,bent,494.5,523.9,70.6,493.5,561.0,19.7,0
1463,bent,494.4,602.5,69.3,493.5,561.0,19.7,0
1464,bent,533.6,521.8,21.4,572.8,563.5,23.2,0
1472,bent,533.6,521.8,21.4,571.9,523.1,71.2,0
1496,bent,611.6,517.4,21.6,649.7,521.2,70.3,0
1504,bent,690.0,560.1,70.8,645.9,561.7,22.9,0
1507,bent,649.7,521.2,70.3,645.9,561.7,22.9,0
1517,bent,685.7,597.0,24.7,690.0,560.1,70.8,0
1520,bent,758.1,520.8,25.9,764.2,558.7,70.4,0
1521,bent,764.0,596.5,32.5,764.2,558.7,70.4,0
1526,thin,695.0,520.2,116.0,735.3,521.2,75.0,1
1532,bent,764.2,558.7,70.4,724.0,558.7,27.0,0
1616,bent,301.8,600.0,23.0,299.1,643.4,69.3,0
1666,missing,456.6,680.5,110.4,456.1,640.4,69.3,0
1718,bent,611.5,600.9,109.4,650.4,599.5,70.7,1
1728,missing,650.4,599.5,70.7,691.4,639.0,71.8,1
1744,bent,685.7,597.0,24.7,735.3,598.4,76.5,0
1762,disconnected,143.0,752.0,39.0,105.0,722.0,30.8,0
1765,disconnected,71.6,751.8,24.2,68.6,722.8,67.8,0
1766,missing,67.0,760.3,106.6,68.6,722.8,67.8,0
1772,missing,143.0,752.0,39.0,105.2,753.0,68.2,0
1773,missing,71.6,751.8,24.2,105.2,753.0,68.2,0
1774,missing,67.0,760.3,106.6,105.2,753.0,68.2,0
1775,missing,143.2,752.2,106.8,105.2,753.0,68.2,0
1791,disconnected,143.0,752.0,39.0,183.0,721.7,30.7,0
1800,missing,223.0,752.2,24.6,182.0,752.5,68.0,0
1801,missing,143.0,752.0,39.0,182.0,752.5,68.0,0
1802,missing,143.2,752.2,106.8,182.0,752.5,68.0,0
1803,missing,223.0,751.5,107.5,182.0,752.5,68.0,0
1818,disconnected,300.0,751.0,39.0,260.7,721.0,23.6,0
1828,missing,300.0,751.0,39.0,261.0,752.0,68.2,0
1829,missing,223.0,752.2,24.6,261.0,752.0,68.2,0
1830,missing,223.0,751.5,107.5,261.0,752.0,68.2,0
1831,missing,300.0,751.2,108.2,261.0,752.0,68.2,0
1847,disconnected,300.0,751.0,39.0,340.0,721.0,31.0,0
1856,missing,378.1,751.5,24.8,339.0,751.2,68.2,0
1857,missing,300.0,751.0,39.0,339.0,751.2,68.2,0
1858,missing,300.0,751.2,108.2,339.0,751.2,68.2,0
1859,missing,378.0,750.8,108.5,339.0,751.2,68.2,0
1874,disconnected,456.0,749.0,40.0,417.0,720.3,31.7,0
1884,missing,456.0,749.0,40.0,417.0,750.8,69.0,0
1885,missing,378.1,751.5,24.8,417.0,750.8,69.0,0
1886,missing,378.0,750.8,108.5,417.0,750.8,69.0,0
1887,missing,456.0,750.5,108.5,417.0,750.8,69.0,0
1902,disconnected,535.0,749.0,40.0,495.5,719.5,32.2,0
1903,disconnected,456.0,749.0,40.0,495.5,719.5,32.2,0
1908,bent,456.4,679.6,28.5,495.2,681.2,69.8,0
1912,missing,535.0,749.0,40.0,495.5,749.2,69.2,0
1913,missing,456.0,749.0,40.0,495.5,749.2,69.2,0
1914,missing,456.0,750.5,108.5,495.5,749.2,69.2,0
1915,missing,533.8,749.5,108.8,495.5,749.2,69.2,0
1930,disconnected,613.0,749.0,39.0,573.2,718.4,24.1,0
1931,disconnected,535.0,749.0,40.0,573.2,718.4,24.1,0
1940,missing,613.0,749.0,39.0,573.5,750.0,70.0,0
1941,missing,535.0,749.0,40.0,573.5,750.0,70.0,0
1942,missing,533.8,749.5,108.8,573.5,750.0,70.0,0
1943,missing,612.8,748.8,109.0,573.5,750.0,70.0,0
1954,thin,573.5,750.0,70.0,578.5,715.5,104.4,0
1958,disconnected,691.0,749.0,40.0,652.5,718.0,32.6,0
1959,disconnected,613.0,749.0,39.0,652.5,718.0,32.6,0
1968,missing,691.0,749.0,40.0,651.2,749.2,69.5,0
1969,missing,613.0,749.0,39.0,651.2,749.2,69.5,0
1970,missing,612.8,748.8,109.0,651.2,749.2,69.5,0
1971,missing,690.8,749.0,109.8,651.2,749.2,69.5,0
1986,disconnected,768.0,748.0,40.0,731.5,714.6,21.1,0
1995,thin,764.7,749.0,110.0,765.8,717.8,70.5,0
2000,missing,768.0,748.0,40.0,729.8,748.2,70.8,0
2001,missing,691.0,749.0,40.0,729.8,748.2,70.8,0
2002,missing,690.8,749.0,109.8,729.8,748.2,70.8,0
2003,missing,764.7,749.0,110.0,729.8,748.2,70.8,0
2006,thin,694.0,713.5,65.0,729.8,748.2,70.8,0
2021,bent,65.1,130.6,106.0,64.8,92.0,145.9,0
2051,bent,223.0,52.1,179.9,179.8,55.6,145.9,0
2097,bent,374.0,54.7,108.0,334.8,54.6,147.5,0
2122,bent,373.5,54.8,186.2,412.0,54.4,147.9,0
2146,bent,452.2,54.4,187.0,490.4,53.6,147.9,0
2169,bent,611.6,49.3,106.2,568.0,52.8,148.2,0
2194,bent,607.6,52.3,187.2,646.4,53.1,148.1,0
2245,bent,140.4,132.2,107.5,102.4,131.5,146.5,1
2251,missing,64.7,171.5,146.6,102.4,131.5,146.5,0
2289,missing,219.5,211.5,107.1,218.2,171.3,148.2,1
2295,bent,295.7,132.0,186.3,257.2,131.4,147.8,1
2303,missing,257.2,131.4,147.8,258.3,172.0,107.1,1
2311,thin,297.0,210.5,108.6,325.5,171.6,115.7,1
2331,thin,335.5,210.1,148.2,325.5,171.6,115.7,1
2359,missing,452.7,210.6,108.1,492.3,169.1,108.7,1
2364,bent,452.3,130.4,108.9,490.8,129.8,148.5,1
2386,thin,523.3,209.9,192.4,530.9,175.7,142.2,1
2412,bent,608.5,129.7,108.9,646.8,129.1,149.1,1
2517,bent,219.6,249.9,148.1,258.6,249.6,108.8,1
2522,bent,298.1,249.8,148.8,258.2,248.9,186.6,1
2561,bent,452.7,210.6,108.1,414.7,209.3,147.1,1
2570,bent,453.0,249.2,148.5,414.1,249.1,187.2,1
2613,bent,531.0,248.2,148.7,569.8,247.6,109.7,1
2633,bent,686.1,206.1,109.8,647.7,207.6,148.2,1
2807,thin,531.4,287.2,187.8,483.7,288.5,158.1,1
2809,bent,453.3,327.2,148.3,492.2,327.3,109.4,1
2811,thin,453.3,327.2,148.3,483.7,288.5,158.1,1
2888,bent,762.4,322.1,148.6,726.6,323.5,110.0,0
2913,thin,147.4,406.9,141.0,110.7,445.8,142.6,1
2989,thin,344.7,368.1,137.5,331.0,407.0,183.2,1
2995,thin,386.8,445.6,101.0,415.0,406.2,108.8,1
3055,thin,532.2,404.9,148.8,565.7,365.0,156.4,1
3199,bent,376.3,445.3,187.5,337.0,445.8,147.7,1
3220,thin,386.8,445.6,101.0,415.4,445.5,147.8,1
3256,missing,493.0,443.8,148.5,533.2,484.6,148.9,1
3262,thin,605.8,517.6,104.6,577.0,484.3,103.4,1
3295,bent,688.1,442.6,188.1,649.6,443.2,149.4,1
3339,thin,68.5,603.5,109.0,98.3,564.7,115.5,0
3572,bent,142.8,643.1,147.3,104.2,642.5,107.6,1
3638,bent,299.6,603.1,186.0,338.3,603.4,147.5,1
3779,missing,67.0,760.3,106.6,104.9,722.6,107.6,0
3781,missing,67.0,760.3,106.6,68.0,722.7,146.3,0
3788,missing,143.2,752.2,106.8,104.5,753.5,145.8,0
3789,missing,67.0,760.3,106.6,104.5,753.5,145.8,0
3790,missing,70.7,753.3,186.7,104.5,753.5,145.8,0
3791,missing,140.3,753.0,185.0,104.5,753.5,145.8,0
3797,thin,143.5,722.8,146.5,104.5,753.5,145.8,0
3816,missing,223.0,751.5,107.5,182.2,752.5,146.5,0
3817,missing,143.2,752.2,106.8,182.2,752.5,146.5,0
3818,missing,140.3,753.0,185.0,182.2,752.5,146.5,0
3819,missing,221.5,751.8,185.8,182.2,752.5,146.5,0
3825,thin,221.3,722.0,147.6,182.2,752.5,146.5,0
3844,missing,300.0,751.2,108.2,261.2,752.0,147.2,0
3845,missing,223.0,751.5,107.5,261.2,752.0,147.2,0
3846,missing,221.5,751.8,185.8,261.2,752.0,147.2,0
3847,missing,299.8,751.8,186.0,261.2,752.0,147.2,0
3872,missing,378.0,750.8,108.5,338.5,751.2,147.0,0
3873,missing,300.0,751.2,108.2,338.5,751.2,147.0,0
3874,missing,299.8,751.8,186.0,338.5,751.2,147.0,0
3875,missing,378.2,751.2,186.2,338.5,751.2,147.0,0
3882,bent,378.1,721.1,147.7,339.1,721.4,186.5,1
3900,missing,456.0,750.5,108.5,417.2,750.5,147.0,0
3901,missing,378.0,750.8,108.5,417.2,750.5,147.0,0
3902,missing,378.2,751.2,186.2,417.2,750.5,147.0,0
3903,missing,455.8,749.5,187.0,417.2,750.5,147.0,0
3904,bent,378.1,721.1,147.7,417.1,720.9,186.9,1
3928,missing,533.8,749.5,108.8,495.5,750.5,147.8,0
3929,missing,456.0,750.5,108.5,495.5,750.5,147.8,0
3930,missing,455.8,749.5,187.0,495.5,750.5,147.8,0
3931,missing,534.0,749.8,186.8,495.5,750.5,147.8,0
3946,thin,612.8,748.8,109.0,578.5,715.5,104.4,0
3956,missing,612.8,748.8,109.0,572.8,749.5,148.2,0
3957,missing,533.8,749.5,108.8,572.8,749.5,148.2,0
3958,missing,534.0,749.8,186.8,572.8,749.5,148.2,0
3959,missing,611.8,748.0,188.0,572.8,749.5,148.2,0
3984,missing,690.8,749.0,109.8,651.5,749.2,147.2,0
3985,missing,612.8,748.8,109.0,651.5,749.2,147.2,0
3986,missing,611.8,748.0,188.0,651.5,749.2,147.2,0
3987,missing,690.0,748.8,187.8,651.5,749.2,147.2,0
4009,thin,764.7,749.0,110.0,765.3,718.2,149.1,0
4011,thin,764.0,748.7,188.7,765.3,718.2,149.1,0
4016,missing,764.7,749.0,110.0,729.0,748.2,148.8,0
4017,missing,690.8,749.0,109.8,729.0,748.2,148.8,0
4018,missing,690.0,748.8,187.8,729.0,748.2,148.8,0
4019,missing,764.0,748.7,188.7,729.0,748.2,148.8,0
4025,thin,765.3,718.2,149.1,729.0,748.2,148.8,0
4041,bent,139.4,55.1,185.0,99.9,55.6,225.5,0
4043,bent,138.9,55.4,264.1,99.9,55.6,225.5,0
4044,thin,64.1,92.8,224.5,106.2,90.4,258.7,0
4057,thin,223.0,52.1,179.9,181.3,85.2,180.0,0
4064,bent,139.4,55.1,185.0,177.3,55.6,225.9,0
4065,bent,223.0,52.1,179.9,177.3,55.6,225.9,0
4066,bent,138.9,55.4,264.1,177.3,55.6,225.9,0
4089,bent,295.4,55.4,187.0,256.9,54.0,224.2,0
4090,bent,217.2,55.5,264.1,256.9,54.0,224.2,0
4101,missing,256.9,54.0,224.2,256.4,93.6,266.0,0
4113,bent,373.5,54.8,186.2,334.1,55.0,225.5,0
4162,bent,456.5,48.7,270.9,489.9,53.3,225.4,0
4209,bent,685.6,52.9,186.1,646.5,52.1,226.1,0
4221,disconnected,646.5,52.1,226.1,646.7,89.1,266.9,0
4238,bent,685.6,52.1,266.9,724.9,52.3,226.2,0
4239,bent,760.8,51.8,265.8,724.9,52.3,226.2,0
4385,bent,452.1,170.0,226.4,491.6,169.5,187.4,1
4431,bent,686.1,128.0,266.4,647.4,127.8,228.6,1
4478,bent,65.4,289.3,264.2,65.4,248.6,225.0,0
4495,missing,102.1,289.3,225.0,102.6,248.5,185.0,1
4554,thin,287.7,212.0,256.1,335.5,210.1,225.8,1
4556,thin,296.9,248.9,226.4,342.9,248.8,254.2,1
4565,thin,335.5,210.1,225.8,342.9,248.8,254.2,1
4566,thin,335.8,288.7,226.4,342.9,248.8,254.2,1
4610,bent,530.5,247.5,227.3,492.1,247.6,265.8,1
4661,missing,647.8,206.4,226.7,647.1,247.4,265.9,1
4676,bent,686.2,207.7,187.9,725.4,206.9,227.0,1
4708,bent,142.0,328.4,225.6,103.1,328.1,185.5,1
4747,missing,218.9,288.6,265.9,219.1,329.2,224.7,1
4752,missing,219.1,329.2,224.7,259.2,328.1,266.0,1
4791,thin,376.1,367.1,187.2,406.7,327.2,197.2,1
4811,thin,414.3,367.2,226.5,406.7,327.2,197.2,1
4824,bent,453.7,327.1,226.5,491.9,327.1,266.0,1
4923,disconnected,141.9,367.4,264.9,103.4,366.3,225.8,1
4931,missing,103.4,366.3,225.8,103.2,407.3,185.1,1
4978,bent,292.6,402.6,220.0,259.4,406.7,265.1,1
4997,thin,292.6,402.6,220.0,331.0,407.0,183.2,1
5024,bent,454.2,405.5,226.4,415.1,406.5,187.7,1
5066,missing,530.6,365.5,266.7,572.4,365.1,227.0,1
5112,thin,763.0,362.0,189.0,757.9,400.8,216.2,0
5113,thin,763.6,440.8,188.6,757.9,400.8,216.2,0
5114,thin,762.8,363.5,265.6,757.9,400.8,216.2,0
5115,thin,763.5,440.8,266.8,757.9,400.8,216.2,0
5125,thin,757.9,400.8,216.2,726.9,442.4,226.9,0
5126,thin,757.9,400.8,216.2,726.1,402.6,266.4,0
5128,thin,720.8,358.9,222.7,757.9,400.8,216.2,0
5141,thin,135.1,447.7,192.3,94.8,443.0,216.7,1
5142,bent,66.8,445.1,263.6,94.8,443.0,216.7,0
5156,thin,135.1,447.7,192.3,177.4,487.2,179.3,1
5158,thin,218.0,530.8,181.4,177.4,487.2,179.3,1
5215,bent,376.3,446.2,265.6,337.5,445.3,227.0,1
5217,bent,298.0,485.1,226.3,337.4,485.9,185.9,1
5223,missing,337.5,445.3,227.0,337.4,485.9,185.9,1
5284,bent,532.1,444.6,187.6,570.9,444.6,226.9,1
5412,bent,220.7,564.2,225.3,259.9,564.5,264.9,1
5552,thin,763.9,519.6,189.8,759.2,555.8,221.6,0
5553,thin,764.8,598.1,188.0,759.2,555.8,221.6,0
5556,bent,688.6,521.1,187.9,727.5,520.4,228.1,1
5621,missing,299.6,603.1,186.0,259.1,643.9,186.0,1
5662,bent,377.2,642.9,226.5,338.0,642.0,265.2,1
5797,thin,70.7,753.3,186.7,68.2,722.2,224.6,0
5798,disconnected,75.0,753.0,268.5,68.2,722.2,224.6,0
5804,missing,140.3,753.0,185.0,104.5,752.2,224.2,0
5805,missing,70.7,753.3,186.7,104.5,752.2,224.2,0
5806,missing,75.0,753.0,268.5,104.5,752.2,224.2,0
5807,missing,143.0,752.8,263.8,104.5,752.2,224.2,0
5810,thin,68.2,722.2,224.6,104.5,752.2,224.2,0
5823,missing,140.3,753.0,185.0,183.4,721.8,186.1,0
5832,missing,221.5,751.8,185.8,181.8,752.0,225.2,0
5833,missing,140.3,753.0,185.0,181.8,752.0,225.2,0
5834,missing,143.0,752.8,263.8,181.8,752.0,225.2,0
5835,missing,220.8,751.8,264.2,181.8,752.0,225.2,0
5860,missing,299.8,751.8,186.0,260.8,752.2,225.2,0
5861,missing,221.5,751.8,185.8,260.8,752.2,225.2,0
5862,missing,220.8,751.8,264.2,260.8,752.2,225.2,0
5863,missing,299.0,751.5,265.0,260.8,752.2,225.2,0
5888,missing,378.2,751.2,186.2,339.0,750.8,225.8,0
5889,missing,299.8,751.8,186.0,339.0,750.8,225.8,0
5890,missing,299.0,751.5,265.0,339.0,750.8,225.8,0
5891,missing,376.8,751.0,264.8,339.0,750.8,225.8,0
5916,missing,455.8,749.5,187.0,416.8,751.0,225.5,0
5917,missing,378.2,751.2,186.2,416.8,751.0,225.5,0
5918,missing,376.8,751.0,264.8,416.8,751.0,225.5,0
5919,missing,455.8,750.5,265.8,416.8,751.0,225.5,0
5944,missing,534.0,749.8,186.8,495.5,750.8,226.0,0
5945,missing,455.8,749.5,187.0,495.5,750.8,226.0,0
5946,missing,455.8,750.5,265.8,495.5,750.8,226.0,0
5947,missing,534.5,750.0,265.8,495.5,750.8,226.0,0
5972,missing,611.8,748.0,188.0,572.2,749.2,226.5,0
5973,missing,534.0,749.8,186.8,572.2,749.2,226.5,0
5974,missing,534.5,750.0,265.8,572.2,749.2,226.5,0
5975,missing,611.8,749.2,266.8,572.2,749.2,226.5,0
6000,missing,690.0,748.8,187.8,651.2,749.5,227.0,0
6001,missing,611.8,748.0,188.0,651.2,749.5,227.0,0
6002,missing,611.8,749.2,266.8,651.2,749.5,227.0,0
6003,missing,690.0,749.0,265.8,651.2,749.5,227.0,0
6025,thin,764.0,748.7,188.7,765.8,719.2,228.2,0
6027,thin,763.7,747.7,267.3,765.8,719.2,228.2,0
6032,missing,764.0,748.7,188.7,728.5,748.2,226.8,0
6033,missing,690.0,748.8,187.8,728.5,748.2,226.8,0
6034,missing,690.0,749.0,265.8,728.5,748.2,226.8,0
6035,missing,763.7,747.7,267.3,728.5,748.2,226.8,0
6036,bent,690.5,719.1,227.2,729.0,718.7,266.8,1
6041,thin,765.8,719.2,228.2,728.5,748.2,226.8,0
6057,bent,138.9,55.4,264.1,99.8,56.4,303.8,0
6081,bent,217.2,55.5,264.1,177.2,55.2,303.2,0
6082,bent,138.5,56.2,342.0,177.2,55.2,303.2,0
6088,bent,217.2,93.1,303.6,178.3,93.2,264.7,1
6131,bent,377.0,55.9,344.0,334.4,53.7,303.4,0
6132,thin,295.9,88.3,308.9,344.4,86.9,335.1,1
6138,thin,373.1,86.4,308.9,344.4,86.9,335.1,1
6141,missing,334.4,53.7,303.4,344.4,86.9,335.1,0
6142,thin,335.3,131.6,304.9,344.4,86.9,335.1,1
6151,disconnected,377.0,55.9,344.0,373.1,86.4,308.9,0
6166,missing,412.8,126.9,308.3,413.6,89.3,343.1,1
6201,bent,607.4,52.2,266.1,559.3,52.8,298.1,0
6202,thin,529.0,53.3,344.6,559.3,52.8,298.1,0
6208,bent,607.8,89.4,306.5,568.9,89.9,265.8,1
6234,missing,686.2,88.0,305.2,647.5,89.5,346.7,1
6245,disconnected,686.1,128.0,266.4,686.2,88.0,305.2,1
6247,disconnected,685.6,52.1,345.2,686.2,88.0,305.2,0
6252,bent,685.6,52.1,266.9,724.3,51.8,307.8,0
6254,disconnected,685.6,52.1,345.2,724.3,51.8,307.8,0
6256,thin,686.2,88.0,305.2,732.3,93.9,339.6,1
6259,missing,686.2,88.0,305.2,724.3,51.8,307.8,0
6265,disconnected,724.3,51.8,307.8,732.3,93.9,339.6,0
6272,thin,64.2,133.1,264.7,69.2,170.5,296.8,0
6334,bent,296.1,170.3,304.3,257.1,170.7,343.6,1
6358,bent,365.9,168.0,296.2,334.6,170.7,344.2,1
6370,thin,368.2,212.1,337.1,365.9,168.0,296.2,1
6471,thin,758.9,206.8,348.6,764.2,160.8,310.2,0
6473,bent,761.7,127.6,265.8,725.2,127.2,304.9,0
6476,thin,690.9,161.0,305.7,734.0,160.8,342.1,1
6478,thin,690.9,161.0,305.7,730.2,204.6,298.8,1
6482,thin,764.2,160.8,310.2,734.0,160.8,342.1,0
6486,thin,730.2,204.6,298.8,734.0,160.8,342.1,1
6537,thin,287.7,212.0,256.1,257.5,249.4,265.2,1
6545,thin,287.7,212.0,256.1,257.1,210.6,303.6,1
6560,thin,287.7,212.0,256.1,342.9,248.8,254.2,1
6561,thin,375.4,209.3,264.7,342.9,248.8,254.2,1
6562,thin,376.1,288.1,265.5,342.9,248.8,254.2,1
6563,thin,297.0,289.2,265.1,342.9,248.8,254.2,1
6643,thin,612.6,207.2,338.0,573.6,204.5,300.7,1
6644,thin,530.4,248.1,305.6,577.6,245.8,333.1,1
6653,thin,573.6,204.5,300.7,577.6,245.8,333.1,1
6654,thin,569.9,287.0,304.9,577.6,245.8,333.1,1
6670,missing,607.7,246.1,305.3,648.1,286.4,305.9,1
6815,bent,453.3,287.7,344.4,413.2,289.0,303.5,1
6840,bent,453.3,327.2,304.8,492.2,326.4,345.5,1
6888,thin,616.5,325.1,300.0,648.1,325.9,345.1,1
6916,bent,687.2,324.7,305.7,727.1,323.3,345.7,1
6937,bent,141.9,367.4,264.9,102.6,367.5,304.3,1
6987,bent,297.3,368.0,343.6,258.3,367.4,304.0,1
7225,missing,298.4,525.1,263.8,298.2,484.6,304.3,1
7280,bent,454.7,484.8,304.9,493.5,484.8,343.6,1
7306,thin,538.3,482.9,311.5,562.7,523.3,315.6,1
7420,missing,220.2,524.0,263.9,220.9,565.3,304.0,1
7448,bent,298.4,525.1,263.8,337.2,523.8,304.4,1
7480,bent,454.9,563.0,305.4,415.9,563.2,265.9,1
7595,thin,75.4,604.9,335.1,67.8,643.1,303.7,0
7706,missing,416.3,682.2,304.0,416.0,640.9,344.2,1
7745,bent,534.0,640.8,305.2,572.7,641.3,266.1,1
7750,bent,611.8,640.6,305.8,572.3,640.7,344.7,1
7814,thin,69.0,754.0,342.0,67.6,723.3,303.3,0
7820,missing,143.0,752.8,263.8,104.2,753.2,303.0,0
7821,missing,75.0,753.0,268.5,104.2,753.2,303.0,0
7822,missing,69.0,754.0,342.0,104.2,753.2,303.0,0
7823,missing,142.5,752.8,342.5,104.2,753.2,303.0,0
7848,missing,220.8,751.8,264.2,182.2,752.8,302.8,0
7849,missing,143.0,752.8,263.8,182.2,752.8,302.8,0
7850,missing,142.5,752.8,342.5,182.2,752.8,302.8,0
7851,missing,220.5,751.8,342.8,182.2,752.8,302.8,0
7876,missing,299.0,751.5,265.0,259.8,751.0,303.8,0
7877,missing,220.8,751.8,264.2,259.8,751.0,303.8,0
7878,missing,220.5,751.8,342.8,259.8,751.0,303.8,0
7879,missing,299.2,752.0,343.5,259.8,751.0,303.8,0
7904,missing,376.8,751.0,264.8,338.0,751.8,304.0,0
7905,missing,299.0,751.5,265.0,338.0,751.8,304.0,0
7906,missing,299.2,752.0,343.5,338.0,751.8,304.0,0
7907,missing,377.2,750.8,343.5,338.0,751.8,304.0,0
7932,missing,455.8,750.5,265.8,416.2,751.2,304.8,0
7933,missing,376.8,751.0,264.8,416.2,751.2,304.8,0
7934,missing,377.2,750.8,343.5,416.2,751.2,304.8,0
7935,missing,455.5,750.5,343.2,416.2,751.2,304.8,0
7960,missing,534.5,750.0,265.8,494.8,750.2,304.8,0
7961,missing,455.8,750.5,265.8,494.8,750.2,304.8,0
7962,missing,455.5,750.5,343.2,494.8,750.2,304.8,0
7963,missing,533.8,750.5,343.8,494.8,750.2,304.8,0
7988,missing,611.8,749.2,266.8,573.0,750.5,305.5,0
7989,missing,534.5,750.0,265.8,573.0,750.5,305.5,0
7990,missing,533.8,750.5,343.8,573.0,750.5,305.5,0
7991,missing,611.2,750.0,344.2,573.0,750.5,305.5,0
8016,missing,690.0,749.0,265.8,650.8,749.0,306.0,0
8017,missing,611.8,749.2,266.8,650.8,749.0,306.0,0
8018,missing,611.2,750.0,344.2,650.8,749.0,306.0,0
8019,missing,689.5,749.8,344.5,650.8,749.0,306.0,0
8041,thin,763.7,747.7,267.3,765.7,719.0,306.7,0
8048,missing,763.7,747.7,267.3,728.2,748.5,306.0,0
8049,missing,690.0,749.0,265.8,728.2,748.5,306.0,0
8050,missing,689.5,749.8,344.5,728.2,748.5,306.0,0
8051,missing,763.5,749.0,340.0,728.2,748.5,306.0,0
8057,thin,765.7,719.0,306.7,728.2,748.5,306.0,0
8070,bent,63.9,132.9,421.3,60.6,88.8,384.7,0
8073,bent,138.5,56.2,342.0,98.9,56.0,381.5,0
8114,missing,296.5,132.1,343.8,255.5,91.9,343.3,1
8122,bent,217.2,56.0,422.8,262.2,50.8,380.6,0
8132,thin,262.2,50.8,380.6,300.2,82.1,380.7,0
8136,missing,294.8,53.6,342.4,344.4,86.9,335.1,0
8137,thin,377.0,55.9,344.0,344.4,86.9,335.1,0
8138,thin,372.8,129.3,343.8,344.4,86.9,335.1,1
8143,disconnected,295.3,55.2,422.2,300.2,82.1,380.7,0
8145,thin,377.0,55.9,344.0,337.9,52.2,389.4,0
8146,disconnected,295.3,55.2,422.2,337.9,52.2,389.4,0
8149,bent,300.2,82.1,380.7,344.4,86.9,335.1,1
8151,thin,300.2,82.1,380.7,337.9,52.2,389.4,0
8152,thin,378.2,85.8,381.4,344.4,86.9,335.1,1
8155,thin,337.9,52.2,389.4,344.4,86.9,335.1,0
8156,thin,337.9,52.2,389.4,378.2,85.8,381.4,0
8160,disconnected,377.0,55.9,344.0,413.6,89.3,343.1,0
8164,missing,377.0,55.9,344.0,378.2,85.8,381.4,0
8170,missing,372.9,54.4,423.0,413.2,52.4,381.4,0
8172,thin,378.2,85.8,381.4,416.3,82.9,418.9,1
8173,disconnected,378.2,85.8,381.4,413.6,89.3,343.1,1
8174,thin,378.2,85.8,381.4,418.4,126.8,378.0,1
8182,thin,418.4,126.8,378.0,416.3,82.9,418.9,1
8218,bent,530.1,53.8,423.4,569.0,52.9,384.1,0
8242,bent,607.2,53.0,422.8,647.5,51.9,384.4,0
8243,bent,685.6,52.7,423.0,647.5,51.9,384.4,0
8259,thin,686.5,128.1,345.5,732.3,93.9,339.6,1
8265,missing,761.3,121.6,349.5,761.7,88.0,384.9,0
8269,bent,761.0,50.7,345.7,725.2,51.5,384.5,0
8290,thin,68.9,213.1,412.6,63.5,171.8,381.9,0
8319,bent,217.9,132.7,423.1,178.2,132.9,382.5,1
8373,thin,374.1,170.5,383.0,346.5,211.1,375.2,1
8378,thin,346.5,211.1,375.2,335.0,170.0,422.4,1
8383,thin,368.2,212.1,337.1,412.0,175.8,339.9,1
8442,missing,528.2,169.2,382.1,573.9,205.4,379.6,1
8476,thin,686.5,128.1,345.5,734.0,160.8,342.1,1
8478,thin,758.9,206.8,348.6,734.0,160.8,342.1,0
8499,thin,725.0,127.8,384.8,734.0,160.8,342.1,1
8546,bent,217.9,249.3,382.8,179.5,249.4,421.6,1
8587,thin,374.2,209.6,422.2,346.5,211.1,375.2,1
8595,thin,346.5,211.1,375.2,336.1,249.2,343.5,1
8596,thin,346.5,211.1,375.2,374.3,249.1,383.4,1
8597,thin,346.5,211.1,375.2,335.2,249.1,422.0,1
8616,bent,452.1,248.4,383.2,413.2,248.8,344.0,1
8648,thin,530.5,209.1,344.3,577.6,245.8,333.1,1
8649,thin,612.6,207.2,338.0,577.6,245.8,333.1,1
8650,thin,608.8,286.3,345.2,577.6,245.8,333.1,1
8651,thin,530.9,287.5,344.6,577.6,245.8,333.1,1
8659,bent,608.3,207.7,423.4,573.9,205.4,379.6,1
8664,thin,608.2,246.9,384.2,577.6,245.8,333.1,1
8667,thin,573.9,205.4,379.6,577.6,245.8,333.1,1
8669,thin,573.9,205.4,379.6,579.7,248.3,417.3,1
8670,thin,563.0,287.4,377.2,579.7,248.3,417.3,1
8671,thin,563.0,287.4,377.2,577.6,245.8,333.1,1
8731,thin,67.6,285.1,417.6,65.8,328.4,383.1,0
8734,bent,67.6,285.1,417.6,102.3,288.7,381.7,0
8764,missing,220.3,328.5,382.7,179.7,328.0,342.3,1
8823,missing,373.8,367.0,342.7,414.9,327.1,344.3,1
8852,bent,453.3,287.7,344.4,491.4,287.7,383.3,1
8924,thin,762.1,283.8,346.0,757.6,319.5,377.9,0
8925,thin,763.0,362.5,344.8,757.6,319.5,377.9,0
8926,thin,762.2,283.6,423.5,757.6,319.5,377.9,0
8953,bent,141.4,367.3,343.0,102.1,366.7,381.9,1
8956,disconnected,66.2,406.9,381.8,102.6,407.1,421.4,0
9080,bent,531.3,405.1,383.6,492.5,405.5,343.9,1
9205,thin,219.2,486.0,383.1,192.2,525.7,374.3,1
9210,thin,192.2,525.7,374.3,182.5,486.0,418.4,1
9273,missing,374.5,486.0,382.6,416.1,485.3,343.9,1
9302,thin,538.7,485.5,392.2,499.0,484.1,431.7,1
9303,missing,493.2,444.4,384.1,493.5,484.8,343.6,1
9329,missing,571.1,443.5,383.2,572.0,484.4,423.1,1
9387,thin,75.4,604.9,335.1,102.1,569.6,340.0,1
9389,thin,75.4,604.9,335.1,66.6,563.8,382.5,0
9444,bent,216.7,565.2,388.9,259.7,563.9,421.5,1
9446,thin,216.7,565.2,388.9,263.8,598.8,385.5,1
9450,bent,298.4,563.8,382.3,259.7,563.9,421.5,1
9498,bent,454.5,563.2,382.9,414.9,563.5,422.7,1
9597,missing,764.0,559.1,382.8,726.9,600.8,384.6,0
9608,thin,75.4,604.9,335.1,71.1,642.0,386.6,0
9609,thin,72.0,684.3,350.8,71.1,642.0,386.6,0
9612,thin,75.4,604.9,335.1,104.6,603.6,381.3,1
9694,thin,379.6,639.2,386.5,343.4,639.2,426.6,1
9711,bent,454.7,601.8,422.5,421.0,600.6,377.1,1
9778,missing,610.9,678.5,423.1,610.9,640.5,383.0,1
9828,thin,72.0,684.3,350.8,67.8,723.7,381.1,0
9829,thin,69.0,754.0,342.0,67.8,723.7,381.1,0
9830,thin,69.3,753.0,419.3,67.8,723.7,381.1,0
9834,bent,67.8,683.8,421.0,103.8,683.5,381.9,0
9836,missing,142.5,752.8,342.5,104.0,753.8,381.0,0
9837,missing,69.0,754.0,342.0,104.0,753.8,381.0,0
9838,missing,69.3,753.0,419.3,104.0,753.8,381.0,0
9839,missing,142.8,751.8,421.8,104.0,753.8,381.0,0
9864,missing,220.5,751.8,342.8,181.8,752.2,382.0,0
9865,missing,142.5,752.8,342.5,181.8,752.2,382.0,0
9866,missing,142.8,751.8,421.8,181.8,752.2,382.0,0
9867,missing,220.8,752.2,421.8,181.8,752.2,382.0,0
9892,missing,299.2,752.0,343.5,259.8,752.5,382.2,0
9893,missing,220.5,751.8,342.8,259.8,752.5,382.2,0
9894,missing,220.8,752.2,421.8,259.8,752.5,382.2,0
9895,missing,299.2,752.5,421.5,259.8,752.5,382.2,0
9920,missing,377.2,750.8,343.5,338.0,751.0,382.0,0
9921,missing,299.2,752.0,343.5,338.0,751.0,382.0,0
9922,missing,299.2,752.5,421.5,338.0,751.0,382.0,0
9923,missing,376.8,751.8,421.2,338.0,751.0,382.0,0
9948,missing,455.5,750.5,343.2,416.2,751.5,383.0,0
9949,missing,377.2,750.8,343.5,416.2,751.5,383.0,0
9950,missing,376.8,751.8,421.2,416.2,751.5,383.0,0
9951,missing,454.8,751.5,422.2,416.2,751.5,383.0,0
9976,missing,533.8,750.5,343.8,494.8,750.8,383.0,0
9977,missing,455.5,750.5,343.2,494.8,750.8,383.0,0
9978,missing,454.8,751.5,422.2,494.8,750.8,383.0,0
9979,missing,534.0,750.0,423.0,494.8,750.8,383.0,0
10003,missing,610.9,678.5,423.1,571.7,680.3,382.8,1
10004,missing,611.2,750.0,344.2,572.2,750.0,383.5,0
10005,missing,533.8,750.5,343.8,572.2,750.0,383.5,0
10006,missing,534.0,750.0,423.0,572.2,750.0,383.5,0
10007,missing,611.5,750.2,423.2,572.2,750.0,383.5,0
10026,thin,611.5,750.2,423.2,615.3,720.6,386.7,0
10027,missing,610.9,678.5,423.1,615.3,720.6,386.7,1
10030,missing,610.9,678.5,423.1,651.3,680.5,383.4,1
10032,missing,689.5,749.8,344.5,651.7,749.3,380.3,0
10033,missing,611.2,750.0,344.2,651.7,749.3,380.3,0
10034,missing,611.5,750.2,423.2,651.7,749.3,380.3,0
10035,missing,690.0,750.5,423.0,651.7,749.3,380.3,0
10038,thin,615.3,720.6,386.7,651.7,749.3,380.3,0
10046,disconnected,651.7,749.3,380.3,652.4,719.8,424.1,0
10057,missing,763.5,749.0,340.0,766.8,723.9,379.4,0
10059,thin,763.0,749.0,423.3,766.8,723.9,379.4,0
10064,missing,763.5,749.0,340.0,729.0,750.0,383.5,0
10065,missing,689.5,749.8,344.5,729.0,750.0,383.5,0
10066,missing,690.0,750.5,423.0,729.0,750.0,383.5,0
10067,missing,763.0,749.0,423.3,729.0,750.0,383.5,0
10073,thin,766.8,723.9,379.4,729.0,750.0,383.5,0
10088,bent,63.2,55.2,421.8,99.3,56.3,460.1,0
10122,thin,209.4,90.9,452.7,178.3,93.8,499.8,1
10124,thin,177.8,55.2,460.8,209.4,90.9,452.7,0
10184,bent,372.9,54.4,423.0,412.2,54.4,462.1,0
10185,bent,451.0,53.1,422.0,412.2,54.4,462.1,0
10192,thin,459.1,84.4,462.0,416.3,82.9,418.9,1
10194,bent,459.1,84.4,462.0,413.6,91.0,500.9,1
10207,thin,451.8,54.3,500.7,459.1,84.4,462.0,0
10208,bent,451.0,53.1,422.0,490.6,53.7,462.6,0
10209,bent,530.1,53.8,423.4,490.6,53.7,462.6,0
10214,thin,459.1,84.4,462.0,496.2,130.5,454.6,1
10234,bent,529.1,53.3,502.2,568.3,53.4,462.8,0
10257,bent,685.6,52.7,423.0,646.9,52.7,462.3,0
10259,bent,685.5,52.3,501.8,646.9,52.7,462.3,0
10298,missing,725.5,128.1,461.4,724.9,87.2,502.1,1
10351,thin,228.5,210.0,414.0,257.0,171.2,422.0,1
10433,bent,452.2,169.8,462.3,491.1,169.2,423.1,1
10527,thin,71.0,212.2,507.4,64.7,249.5,460.2,0
10568,thin,228.5,210.0,414.0,257.2,250.2,421.9,1
10577,bent,296.4,210.4,422.8,256.8,211.0,461.5,1
10634,bent,460.8,248.0,456.0,413.6,249.0,500.8,1
10651,bent,530.3,208.9,501.8,491.5,209.5,462.3,1
10654,thin,460.8,248.0,456.0,491.4,287.8,462.0,1
10655,thin,460.8,248.0,456.0,491.5,209.5,462.3,1
10665,thin,608.3,207.7,423.4,579.7,248.3,417.3,1
10666,thin,608.2,286.8,423.0,579.7,248.3,417.3,1
10674,bent,530.3,208.9,501.8,568.7,208.6,462.2,1
10680,thin,608.1,247.9,462.2,579.7,248.3,417.3,1
10897,bent,530.9,326.8,461.8,570.1,326.4,423.0,1
10947,bent,762.1,284.2,502.1,725.2,284.8,463.2,0
10948,missing,685.6,324.4,462.4,725.8,324.3,502.8,1
10967,thin,73.1,364.0,508.4,65.8,406.1,460.7,0
10969,bent,141.8,367.3,421.4,101.7,367.5,459.8,1
11041,bent,375.3,367.2,422.2,336.5,366.5,461.1,1
11224,thin,176.9,446.2,466.5,212.1,485.9,454.7,1
11237,bent,298.5,446.3,422.0,258.5,446.1,461.0,1
11241,thin,212.1,485.9,454.7,252.3,486.2,424.9,1
11313,thin,454.0,484.3,461.5,499.0,484.1,431.7,1
11319,thin,493.0,444.9,462.0,499.0,484.1,431.7,1
11360,bent,609.9,483.3,462.6,648.9,482.9,501.8,1
11490,bent,375.6,564.4,460.4,337.5,563.7,500.2,1
11650,missing,143.7,681.6,500.0,142.5,643.0,459.6,1
11710,bent,377.1,642.3,461.8,337.8,643.1,500.7,1
11766,missing,610.9,678.5,423.1,571.2,640.7,423.2,1
11791,missing,610.9,678.5,423.1,650.9,639.3,423.1,1
11793,missing,610.9,678.5,423.1,611.0,639.6,462.7,1
11845,thin,69.3,753.0,419.3,67.2,723.7,460.3,0
11846,thin,68.3,753.7,499.0,67.2,723.7,460.3,0
11851,missing,143.7,681.6,500.0,102.6,683.2,460.1,1
11852,missing,142.8,751.8,421.8,104.0,752.0,460.8,0
11853,missing,69.3,753.0,419.3,104.0,752.0,460.8,0
11854,missing,68.3,753.7,499.0,104.0,752.0,460.8,0
11855,missing,141.5,752.5,498.8,104.0,752.0,460.8,0
11858,thin,67.2,723.7,460.3,104.0,752.0,460.8,0
11875,missing,143.7,681.6,500.0,143.6,724.0,459.9,0
11878,missing,143.7,681.6,500.0,182.3,683.0,459.8,1
11880,missing,220.8,752.2,421.8,181.2,752.2,460.0,0
11881,missing,142.8,751.8,421.8,181.2,752.2,460.0,0
11882,missing,141.5,752.5,498.8,181.2,752.2,460.0,0
11883,missing,220.5,752.2,499.5,181.2,752.2,460.0,0
11904,bent,220.9,683.3,421.9,259.8,682.6,461.2,1
11908,missing,299.2,752.5,421.5,259.5,751.8,460.2,0
11909,missing,220.8,752.2,421.8,259.5,751.8,460.2,0
11910,missing,220.5,752.2,499.5,259.5,751.8,460.2,0
11911,missing,298.5,752.5,500.2,259.5,751.8,460.2,0
11936,missing,376.8,751.8,421.2,338.0,751.8,461.2,0
11937,missing,299.2,752.5,421.5,338.0,751.8,461.2,0
11938,missing,298.5,752.5,500.2,338.0,751.8,461.2,0
11939,missing,377.0,752.2,500.2,338.0,751.8,461.2,0
11963,missing,456.2,681.6,502.0,415.5,681.6,460.9,1
11964,missing,454.8,751.5,422.2,416.0,751.0,461.0,0
11965,missing,376.8,751.8,421.2,416.0,751.0,461.0,0
11966,missing,377.0,752.2,500.2,416.0,751.0,461.0,0
11967,missing,455.5,751.0,500.8,416.0,751.0,461.0,0
11984,missing,455.4,680.6,422.0,454.9,722.2,461.4,0
11992,missing,534.0,750.0,423.0,494.5,750.5,461.5,0
11993,missing,454.8,751.5,422.2,494.5,750.5,461.5,0
11994,missing,455.5,751.0,500.8,494.5,750.5,461.5,0
11995,missing,533.2,750.2,500.5,494.5,750.5,461.5,0
12009,missing,610.9,678.5,423.1,572.2,721.5,423.4,1
12017,missing,610.9,678.5,423.1,571.2,681.8,461.9,1
12020,missing,611.5,750.2,423.2,572.8,750.2,461.0,0
12021,missing,534.0,750.0,423.0,572.8,750.2,461.0,0
12022,missing,533.2,750.2,500.5,572.8,750.2,461.0,0
12023,missing,612.0,750.5,501.2,572.8,750.2,461.0,0
12028,bent,611.4,720.5,463.0,572.2,721.5,423.4,1
12036,missing,610.9,678.5,423.1,652.4,719.8,424.1,1
12040,missing,610.9,678.5,423.1,611.4,720.5,463.0,1
12044,missing,610.9,678.5,423.1,650.4,679.8,463.6,1
12048,missing,690.0,750.5,423.0,650.2,750.2,462.0,0
12049,missing,611.5,750.2,423.2,650.2,750.2,462.0,0
12050,missing,612.0,750.5,501.2,650.2,750.2,462.0,0
12051,missing,689.5,749.2,501.5,650.2,750.2,462.0,0
12073,thin,763.0,749.0,423.3,765.0,719.8,463.6,0
12075,thin,762.0,749.0,502.3,765.0,719.8,463.6,0
12080,missing,763.0,749.0,423.3,728.8,750.0,462.2,0
12081,missing,690.0,750.5,423.0,728.8,750.0,462.2,0
12082,missing,689.5,749.2,501.5,728.8,750.0,462.2,0
12083,missing,762.0,749.0,502.3,728.8,750.0,462.2,0
12089,thin,765.0,719.8,463.6,728.8,750.0,462.2,0
12129,bent,216.7,55.1,499.9,177.0,56.2,540.2,0
12155,bent,294.6,55.4,578.7,255.6,55.1,539.9,0
12161,thin,288.1,93.3,550.5,256.9,132.3,539.9,1
12164,thin,255.6,55.1,539.9,288.1,93.3,550.5,0
12175,thin,294.6,55.4,578.7,288.1,93.3,550.5,0
12177,bent,372.5,54.7,500.3,334.7,56.0,539.8,0
12178,bent,294.6,55.4,578.7,334.7,56.0,539.8,0
12180,thin,288.1,93.3,550.5,334.1,92.1,579.1,1
12182,thin,288.1,93.3,550.5,334.5,131.9,540.0,1
12183,thin,288.1,93.3,550.5,334.7,56.0,539.8,0
12249,bent,607.7,53.2,501.5,568.4,53.3,541.3,0
12281,missing,685.9,88.6,540.7,646.6,130.6,541.0,1
12286,missing,646.6,130.6,541.0,646.1,89.9,580.2,1
12321,thin,71.0,212.2,507.4,64.2,171.5,539.6,0
12328,bent,64.2,171.5,539.6,101.3,171.9,578.3,0
12352,thin,148.7,169.2,545.6,187.4,171.9,573.0,1
12354,thin,148.7,169.2,545.6,184.5,208.2,533.7,1
12362,thin,184.5,208.2,533.7,187.4,171.9,573.0,1
12388,thin,305.1,132.9,492.9,334.8,170.0,500.9,1
12396,thin,305.1,132.9,492.9,334.5,131.9,540.0,1
12401,bent,295.8,171.2,539.8,334.8,170.0,500.9,1
12410,thin,340.8,210.9,533.9,338.0,170.4,575.3,1
12433,thin,413.7,130.9,541.1,422.4,170.3,572.6,1
12453,thin,530.0,169.6,540.9,500.0,207.0,531.0,1
12458,thin,500.0,207.0,531.0,491.3,169.9,580.1,1
12488,missing,608.1,129.6,501.1,607.9,169.1,542.3,1
12521,bent,760.8,126.3,503.0,724.5,128.2,541.8,0
12530,bent,761.4,167.3,541.6,725.3,167.5,581.0,0
12540,thin,71.0,212.2,507.4,64.4,248.6,538.0,0
12549,bent,64.4,248.6,538.0,101.2,249.1,499.9,0
12581,thin,184.5,208.2,533.7,184.9,246.6,573.5,1
12619,missing,375.6,208.9,580.8,340.8,210.9,533.9,1
12639,missing,375.6,208.9,580.8,373.7,249.9,539.3,1
12644,bent,373.7,249.9,539.3,414.2,249.4,578.3,1
12674,bent,530.6,247.9,540.5,491.8,248.8,579.2,1
12675,thin,500.0,207.0,531.0,491.7,248.1,501.2,1
12676,thin,500.0,207.0,531.0,530.6,247.9,540.5,1
12682,thin,609.1,288.2,501.3,577.7,247.9,494.4,1
12709,missing,609.1,288.2,501.3,608.3,246.6,541.0,1
12712,bent,608.2,208.7,502.1,647.4,208.4,540.9,1
12722,bent,686.1,246.1,541.0,647.0,247.0,580.8,1
12740,bent,686.6,208.0,501.6,725.0,206.8,541.2,1
12745,bent,686.1,246.1,541.0,725.0,245.6,502.8,1
12761,thin,73.1,364.0,508.4,65.2,328.0,538.5,0
12765,bent,140.9,289.3,499.5,102.0,289.4,538.9,1
12837,bent,374.5,289.1,500.1,335.5,289.8,539.5,1
12861,bent,452.4,287.8,500.8,412.1,290.1,541.5,1
12937,bent,609.1,326.3,541.1,647.9,325.5,502.0,1
12941,thin,680.7,327.0,550.0,648.2,364.8,540.8,1
12944,thin,647.6,291.0,536.2,680.7,327.0,550.0,1
12960,bent,687.1,285.6,503.6,725.5,285.4,541.1,1
12976,thin,73.1,364.0,508.4,102.4,406.6,499.4,0
12980,thin,73.1,364.0,508.4,65.7,406.4,539.0,0
13020,thin,179.6,369.6,538.6,212.2,405.3,531.3,1
13037,bent,212.2,405.3,531.3,258.2,407.0,500.1,1
13061,missing,296.5,407.2,540.3,336.9,406.7,499.5,1
13098,thin,524.1,446.2,511.4,492.5,405.6,501.2,1
13123,thin,524.1,446.2,511.4,570.2,404.8,501.9,1
13125,thin,524.1,446.2,511.4,532.6,406.9,540.5,1
13146,thin,694.7,436.3,501.8,648.5,404.3,501.7,1
13209,bent,66.1,484.4,538.0,103.2,485.6,499.7,0
13214,bent,141.2,485.2,538.0,102.9,485.6,578.4,1
13232,missing,141.2,485.2,538.0,181.4,486.3,579.8,1
13236,bent,219.9,485.8,539.4,180.6,485.9,500.0,1
13317,thin,524.1,446.2,511.4,492.4,484.4,500.9,1
13340,thin,524.1,446.2,511.4,570.8,484.0,501.0,1
13345,missing,532.8,522.5,499.5,536.0,483.5,533.9,1
13348,thin,524.1,446.2,511.4,571.1,444.5,540.5,1
13410,thin,763.7,481.4,540.6,721.5,482.7,574.9,0
13419,thin,71.3,601.6,507.0,103.9,565.1,500.2,0
13421,thin,71.3,601.6,507.0,66.4,564.2,538.4,0
13422,thin,70.3,597.7,582.2,66.4,564.2,538.4,0
13449,bent,219.7,524.6,500.1,181.4,524.6,538.9,1
13452,missing,141.6,564.4,538.3,180.9,563.8,579.5,1
13476,thin,220.4,564.8,539.0,269.9,563.5,570.0,1
13486,thin,259.1,603.8,539.2,269.9,563.5,570.0,1
13638,missing,143.7,681.6,500.0,103.2,642.7,499.8,1
13640,thin,71.3,601.6,507.0,66.9,642.7,538.4,0
13663,missing,143.7,681.6,500.0,182.3,643.0,499.5,1
13665,missing,143.7,681.6,500.0,142.8,643.4,539.9,1
13857,missing,143.7,681.6,500.0,102.8,724.2,499.7,0
13861,thin,68.3,753.7,499.0,67.1,723.9,538.0,0
13865,missing,143.7,681.6,500.0,102.9,684.0,539.7,1
13868,missing,141.5,752.5,498.8,103.2,753.2,538.2,0
13869,missing,68.3,753.7,499.0,103.2,753.2,538.2,0
13870,missing,68.0,754.0,577.0,103.2,753.2,538.2,0
13871,missing,142.2,753.2,578.0,103.2,753.2,538.2,0
13884,missing,143.7,681.6,500.0,183.0,722.2,500.5,0
13886,thin,220.5,752.2,499.5,183.0,722.2,500.5,0
13888,missing,143.7,681.6,500.0,142.8,723.5,539.5,0
13892,missing,143.7,681.6,500.0,182.4,683.2,539.8,1
13896,missing,220.5,752.2,499.5,180.8,752.2,538.5,0
13897,missing,141.5,752.5,498.8,180.8,752.2,538.5,0
13898,missing,142.2,753.2,578.0,180.8,752.2,538.5,0
13899,missing,220.0,752.8,578.0,180.8,752.2,538.5,0
13911,thin,180.8,752.2,538.5,183.0,722.2,500.5,0
13924,missing,298.5,752.5,500.2,260.0,751.8,539.5,0
13925,missing,220.5,752.2,499.5,260.0,751.8,539.5,0
13926,missing,220.0,752.8,578.0,260.0,751.8,539.5,0
13927,missing,298.5,752.2,578.2,260.0,751.8,539.5,0
13952,missing,377.0,752.2,500.2,338.2,752.2,539.0,0
13953,missing,298.5,752.5,500.2,338.2,752.2,539.0,0
13954,missing,298.5,752.2,578.2,338.2,752.2,539.0,0
13955,missing,377.0,752.0,579.2,338.2,752.2,539.0,0
13980,missing,455.5,751.0,500.8,415.2,751.8,539.2,0
13981,missing,377.0,752.2,500.2,415.2,751.8,539.2,0
13982,missing,377.0,752.0,579.2,415.2,751.8,539.2,0
13983,missing,455.5,751.0,579.5,415.2,751.8,539.2,0
14008,missing,533.2,750.2,500.5,494.0,750.5,539.5,0
14009,missing,455.5,751.0,500.8,494.0,750.5,539.5,0
14010,missing,455.5,751.0,579.5,494.0,750.5,539.5,0
14011,missing,533.2,751.0,579.5,494.0,750.5,539.5,0
14036,missing,612.0,750.5,501.2,572.2,750.5,540.0,0
14037,missing,533.2,750.2,500.5,572.2,750.5,540.0,0
14038,missing,533.2,751.0,579.5,572.2,750.5,540.0,0
14039,missing,611.5,750.5,579.8,572.2,750.5,540.0,0
14064,missing,689.5,749.2,501.5,650.2,750.0,541.0,0
14065,missing,612.0,750.5,501.2,650.2,750.0,541.0,0
14066,missing,611.5,750.5,579.8,650.2,750.0,541.0,0
14067,missing,689.5,750.2,580.0,650.2,750.0,541.0,0
14074,bent,689.9,719.9,540.7,651.9,719.0,578.5,1
14089,thin,762.0,749.0,502.3,764.9,719.7,541.9,0
14096,missing,762.0,749.0,502.3,728.3,750.0,537.7,0
14097,missing,689.5,749.2,501.5,728.3,750.0,537.7,0
14098,missing,689.5,750.2,580.0,728.3,750.0,537.7,0
14099,missing,762.5,749.5,576.0,728.3,750.0,537.7,0
14104,bent,764.9,719.7,541.9,729.0,719.3,502.2,0
14105,thin,764.9,719.7,541.9,728.3,750.0,537.7,0
14110,disconnected,728.3,750.0,537.7,728.9,719.7,580.2,0
14119,missing,63.0,56.2,658.2,64.0,94.3,617.0,0
14123,bent,138.2,56.1,657.5,99.5,56.2,617.0,0
14150,thin,139.3,94.0,617.7,186.7,133.2,629.0,1
14158,thin,186.7,133.2,629.0,178.3,93.3,657.2,1
14194,bent,294.3,55.7,656.9,333.8,54.9,618.9,0
14210,missing,451.8,131.7,580.1,411.2,91.6,579.6,1
14229,thin,412.7,55.4,619.0,420.1,94.0,650.3,0
14230,thin,405.1,132.6,615.1,420.1,94.0,650.3,1
14242,bent,451.3,55.3,658.4,490.4,54.2,619.7,0
14276,disconnected,568.1,54.2,619.1,615.9,83.1,619.9,0
14287,thin,608.2,53.7,658.5,615.9,83.1,619.9,0
14292,thin,615.9,83.1,619.9,644.3,86.4,656.5,1
14296,missing,686.5,88.8,620.7,646.1,89.9,580.2,1
14297,missing,686.5,88.8,620.7,645.8,130.2,620.5,1
14349,thin,140.0,171.9,617.5,109.1,219.5,615.4,1
14365,thin,217.5,133.0,578.8,186.7,133.2,629.0,1
14366,thin,139.9,132.7,656.9,186.7,133.2,629.0,1
14371,thin,140.0,171.9,617.5,186.7,133.2,629.0,1
14372,thin,217.7,171.5,618.5,187.4,171.9,573.0,1
14375,thin,186.7,133.2,629.0,187.4,171.9,573.0,1
14376,thin,186.7,133.2,629.0,217.7,171.5,618.5,1
14377,thin,186.7,133.2,629.0,179.0,172.1,656.7,1
14447,thin,405.1,132.6,615.1,422.4,170.3,572.6,1
14450,thin,419.4,204.4,617.9,413.5,170.7,657.5,1
14451,thin,419.4,204.4,617.9,422.4,170.3,572.6,1
14470,thin,537.3,167.5,626.6,490.8,169.8,659.2,1
14563,thin,140.1,211.3,656.7,109.1,219.5,615.4,1
14567,thin,65.1,249.5,617.5,109.1,219.5,615.4,0
14571,thin,109.1,219.5,615.4,101.2,250.2,577.7,1
14573,thin,109.1,219.5,615.4,101.7,250.2,656.7,1
14576,missing,139.2,211.5,577.8,184.9,246.6,573.5,1
14582,thin,129.3,290.0,663.5,140.2,250.0,617.0,1
14594,bent,218.2,250.4,617.5,178.9,251.1,657.0,1
14625,missing,375.6,208.9,580.8,335.3,250.4,577.2,1
14637,missing,295.5,250.6,618.7,335.3,250.4,577.2,1
14640,bent,374.4,249.3,618.0,335.3,250.4,577.2,1
14660,thin,374.4,249.3,618.0,406.7,249.6,668.6,1
14669,thin,419.4,204.4,617.9,406.7,249.6,668.6,1
14670,thin,413.8,289.7,618.7,406.7,249.6,668.6,1
14758,bent,685.8,207.1,659.2,724.5,207.3,620.0,1
14783,thin,129.3,290.0,663.5,101.9,289.5,617.5,1
14854,bent,296.8,289.7,656.5,334.5,289.7,618.9,1
14919,thin,525.3,361.2,573.8,570.2,326.3,579.2,1
14929,bent,530.7,327.8,618.5,570.2,326.3,579.2,1
14948,bent,608.4,287.2,580.1,646.5,286.6,619.4,1
15004,bent,66.1,406.9,617.3,102.9,407.2,656.0,0
15113,thin,525.3,361.2,573.8,492.5,406.1,579.4,1
15121,thin,525.3,361.2,573.8,485.4,366.6,623.7,1
15127,thin,453.6,406.2,618.2,485.4,366.6,623.7,1
15286,thin,366.9,523.7,573.5,336.5,485.6,578.7,1
15294,bent,297.5,446.6,656.6,336.9,446.7,617.2,1
15350,thin,541.3,485.9,628.7,492.9,484.8,657.0,1
15352,thin,493.1,445.3,618.3,541.3,485.9,628.7,1
15363,thin,532.6,444.6,658.2,541.3,485.9,628.7,1
15369,thin,541.3,485.9,628.7,571.2,484.2,580.0,1
15370,thin,541.3,485.9,628.7,571.0,523.6,619.0,1
15386,missing,609.5,524.2,659.0,609.7,483.1,618.4,1
15410,thin,695.1,521.8,648.9,687.7,482.5,619.0,1
15437,thin,70.3,597.7,582.2,66.2,564.2,617.7,0
15481,thin,298.1,525.2,578.8,269.9,563.5,570.0,1
15482,thin,298.2,603.9,578.4,269.9,563.5,570.0,1
15496,thin,298.1,565.0,617.7,269.9,563.5,570.0,1
15499,thin,258.9,525.8,617.7,269.9,563.5,570.0,1
15505,thin,366.9,523.7,573.5,337.2,563.7,578.6,1
15513,thin,366.9,523.7,573.5,337.1,525.0,618.0,1
15570,bent,532.2,562.6,618.0,493.6,562.9,657.9,1
15609,bent,688.1,522.1,580.7,649.1,522.4,619.6,1
15629,missing,688.6,601.6,580.1,688.4,561.1,620.3,1
15652,thin,70.3,597.7,582.2,103.8,644.0,578.8,0
15656,thin,70.3,597.7,582.2,66.7,642.7,616.3,0
15689,bent,142.1,643.8,617.2,181.5,644.2,578.1,1
15712,missing,219.9,644.4,617.1,257.9,644.6,655.7,1
15759,bent,454.7,603.3,657.0,415.4,603.4,618.1,1
15877,thin,68.0,754.0,577.0,67.4,723.8,616.8,0
15878,thin,68.0,753.7,656.7,67.4,723.8,616.8,0
15884,missing,142.2,753.2,578.0,103.0,754.2,616.2,0
15885,missing,68.0,754.0,577.0,103.0,754.2,616.2,0
15886,missing,68.0,753.7,656.7,103.0,754.2,616.2,0
15887,missing,142.0,754.0,655.8,103.0,754.2,616.2,0
15894,bent,142.2,723.1,617.4,103.2,723.3,655.4,0
15912,missing,220.0,752.8,578.0,181.5,753.8,617.2,0
15913,missing,142.2,753.2,578.0,181.5,753.8,617.2,0
15914,missing,142.0,754.0,655.8,181.5,753.8,617.2,0
15915,missing,220.3,753.3,653.3,181.5,753.8,617.2,0
15931,thin,220.0,752.8,578.0,259.5,721.6,578.6,0
15939,missing,299.4,682.3,657.7,258.2,683.1,617.4,1
15940,missing,298.5,752.2,578.2,259.5,752.5,616.8,0
15941,missing,220.0,752.8,578.0,259.5,752.5,616.8,0
15942,missing,220.3,753.3,653.3,259.5,752.5,616.8,0
15943,missing,298.5,752.2,656.8,259.5,752.5,616.8,0
15968,missing,377.0,752.0,579.2,337.5,752.2,617.8,0
15969,missing,298.5,752.2,578.2,337.5,752.2,617.8,0
15970,missing,298.5,752.2,656.8,337.5,752.2,617.8,0
15971,missing,380.0,751.0,658.0,337.5,752.2,617.8,0
15996,missing,455.5,751.0,579.5,415.8,751.2,618.0,0
15997,missing,377.0,752.0,579.2,415.8,751.2,618.0,0
15998,missing,380.0,751.0,658.0,415.8,751.2,618.0,0
15999,missing,454.8,752.2,656.8,415.8,751.2,618.0,0
16024,missing,533.2,751.0,579.5,493.8,751.2,618.2,0
16025,missing,455.5,751.0,579.5,493.8,751.2,618.2,0
16026,missing,454.8,752.2,656.8,493.8,751.2,618.2,0
16027,missing,533.2,751.8,657.8,493.8,751.2,618.2,0
16050,bent,533.2,681.4,657.8,572.4,681.1,618.3,1
16051,bent,611.6,680.6,658.4,572.4,681.1,618.3,1
16052,missing,611.5,750.5,579.8,572.0,751.0,618.0,0
16053,missing,533.2,751.0,579.5,572.0,751.0,618.0,0
16054,missing,533.2,751.8,657.8,572.0,751.0,618.0,0
16055,missing,611.0,750.8,657.2,572.0,751.0,618.0,0
16070,thin,689.5,750.2,580.0,651.9,719.0,578.5,0
16080,missing,689.5,750.2,580.0,650.5,751.0,618.5,0
16081,missing,611.5,750.5,579.8,650.5,751.0,618.5,0
16082,missing,611.0,750.8,657.2,650.5,751.0,618.5,0
16083,missing,689.5,750.0,658.2,650.5,751.0,618.5,0
16101,thin,689.5,750.2,580.0,684.2,725.6,619.6,0
16102,thin,689.5,750.0,658.2,684.2,725.6,619.6,0
16105,missing,762.5,749.5,576.0,766.0,723.4,616.3,0
16112,missing,762.5,749.5,576.0,728.5,750.0,618.5,0
16113,missing,689.5,750.2,580.0,728.5,750.0,618.5,0
16114,missing,689.5,750.0,658.2,728.5,750.0,618.5,0
16115,missing,763.0,750.3,657.7,728.5,750.0,618.5,0
16118,thin,684.2,725.6,619.6,728.5,750.0,618.5,0
16121,thin,766.0,723.4,616.3,728.5,750.0,618.5,0
16133,bent,62.3,56.7,732.3,101.8,96.2,738.3,0
16170,bent,138.0,56.5,733.0,177.7,56.2,696.7,0
16201,bent,217.2,93.1,696.2,256.6,93.1,657.1,0
16242,thin,451.2,131.8,658.0,420.1,94.0,650.3,1
16243,disconnected,373.8,131.5,658.0,420.1,94.0,650.3,1
16253,bent,451.3,55.3,658.4,412.0,54.7,697.4,0
16254,bent,373.0,56.2,734.0,412.0,54.7,697.4,0
16267,thin,412.7,131.5,696.3,420.1,94.0,650.3,0
16283,bent,529.0,55.2,735.0,490.2,55.6,698.4,0
16310,bent,529.0,55.2,735.0,567.9,54.0,697.6,0
16311,bent,608.0,53.2,736.0,567.9,54.0,697.6,0
16327,thin,603.0,125.0,653.7,644.3,86.4,656.5,1
16358,bent,761.7,51.3,735.3,723.1,89.0,742.9,0
16395,bent,67.5,132.0,738.5,64.2,171.6,695.9,0
16400,bent,64.2,171.6,695.9,113.0,172.7,742.3,0
16410,bent,101.5,210.2,695.4,113.0,172.7,742.3,0
16559,bent,602.3,209.7,745.1,568.2,169.1,735.4,0
16566,bent,530.4,129.5,735.0,568.5,129.8,697.9,0
16624,bent,687.2,127.9,660.6,724.6,128.6,699.6,0
16642,thin,129.3,290.0,663.5,101.7,250.2,656.7,1
16656,bent,65.3,248.9,696.2,110.6,251.4,745.6,0
16665,bent,101.5,210.2,695.4,110.6,251.4,745.6,0
16666,bent,101.5,289.2,695.5,110.6,251.4,745.6,0
16678,bent,140.5,286.2,744.8,140.5,250.3,695.8,0
16735,bent,301.5,210.6,741.2,296.2,250.5,696.5,0
16750,bent,335.3,290.0,695.9,339.6,255.6,739.1,0
16752,thin,373.9,210.5,657.5,406.7,249.6,668.6,1
16753,thin,452.5,210.6,658.1,406.7,249.6,668.6,1
16754,thin,452.4,289.1,657.7,406.7,249.6,668.6,1
16755,thin,374.8,289.2,656.7,406.7,249.6,668.6,1
16772,thin,452.6,248.9,696.6,406.7,249.6,668.6,0
16775,thin,413.1,210.1,696.6,406.7,249.6,668.6,0
16779,thin,413.8,289.2,696.8,406.7,249.6,668.6,0
16794,bent,451.6,209.6,735.8,491.0,210.3,697.3,0
16820,missing,528.9,209.1,657.1,568.4,209.9,699.3,0
16897,thin,129.3,290.0,663.5,102.3,328.3,655.9,1
16911,bent,140.5,286.2,744.8,101.5,289.2,695.5,0
16924,thin,129.3,290.0,663.5,180.0,329.1,656.1,1
16932,thin,129.3,290.0,663.5,140.8,328.8,695.7,0
16936,thin,129.3,290.0,663.5,180.8,289.6,696.2,0
16938,bent,140.5,286.2,744.8,180.8,289.6,696.2,0
16962,bent,215.9,358.6,739.8,219.1,328.9,695.6,0
16966,bent,220.9,293.5,739.6,257.8,290.2,696.3,0
17007,missing,332.8,364.9,692.8,336.0,329.4,655.7,0
17024,bent,374.9,328.9,695.8,413.2,330.2,738.3,0
17025,bent,374.9,328.9,695.8,414.1,328.5,657.2,0
17058,bent,530.6,327.2,696.8,493.7,325.2,742.8,0
17078,bent,533.3,281.8,743.5,569.3,287.7,697.1,0
17167,bent,140.4,371.4,742.5,102.2,367.8,695.7,0
17191,bent,140.4,371.4,742.5,141.7,407.7,695.3,0
17194,bent,140.4,371.4,742.5,180.4,368.5,695.6,0
17195,bent,215.9,358.6,739.8,180.4,368.5,695.6,0
17196,bent,141.7,407.7,695.3,183.8,400.2,744.1,0
17197,bent,141.7,407.7,695.3,180.2,407.5,656.1,0
17205,bent,180.4,368.5,695.6,183.8,400.2,744.1,0
17230,bent,297.8,407.3,696.0,259.5,407.0,743.2,0
17233,bent,258.0,368.2,695.4,259.5,407.0,743.2,0
17234,bent,259.2,447.1,695.5,259.5,407.0,743.2,0
17274,bent,376.0,444.8,740.5,375.5,407.8,696.1,0
17282,thin,375.5,407.8,696.1,414.8,445.5,703.8,0
17290,bent,414.8,445.5,703.8,416.0,398.7,743.6,0
17306,bent,453.1,362.8,743.0,492.5,367.8,696.6,0
17338,thin,531.5,406.3,696.5,562.2,445.4,691.3,0
17342,bent,610.1,404.4,698.1,569.3,406.3,740.7,0
17347,thin,562.2,445.4,691.3,563.9,405.4,661.1,0
17364,bent,610.1,404.4,698.1,648.0,404.8,736.0,0
17397,bent,687.0,404.4,697.6,725.6,403.2,658.9,0
17503,bent,298.3,442.6,738.1,297.1,486.4,696.1,0
17505,bent,375.7,446.4,656.9,336.8,447.0,695.9,0
17507,bent,376.0,444.8,740.5,336.8,447.0,695.9,0
17531,bent,376.0,444.8,740.5,375.6,485.9,695.6,0
17532,bent,375.7,446.4,656.9,414.8,445.5,703.8,0
17536,bent,375.6,485.9,695.6,412.2,487.1,743.1,0
17542,bent,453.9,485.8,696.0,412.2,487.1,743.1,0
17544,thin,414.8,445.5,703.8,453.9,485.8,696.0,0
17545,bent,414.8,445.5,703.8,412.2,487.1,743.1,0
17546,bent,414.8,525.4,696.0,412.2,487.1,743.1,0
17558,bent,455.4,527.5,744.7,453.9,485.8,696.0,0
17559,bent,451.7,435.3,744.1,453.9,485.8,696.0,0
17562,missing,451.7,435.3,744.1,494.1,445.6,696.2,0
17564,bent,453.9,485.8,696.0,493.0,481.9,743.8,0
17570,bent,532.1,485.0,696.9,493.0,481.9,743.8,0
17591,bent,610.4,441.2,742.2,562.2,445.4,691.3,0
17598,bent,610.0,483.6,697.0,570.2,482.8,741.8,0
17607,missing,609.5,524.2,659.0,649.6,482.8,658.6,1
17618,bent,610.4,441.2,742.2,649.1,444.2,697.2,0
17619,bent,687.0,443.3,736.0,649.1,444.2,697.2,0
17620,bent,610.0,483.6,697.0,647.7,484.0,743.3,0
17629,bent,649.1,444.2,697.2,647.7,484.0,743.3,0
17658,bent,762.9,480.3,699.2,726.2,482.0,735.8,0
17707,bent,212.0,517.0,740.2,180.4,525.8,695.8,0
17709,bent,141.7,565.3,695.6,180.7,565.0,656.8,0
17731,bent,212.0,517.0,740.2,220.2,565.2,695.5,0
17734,bent,212.0,517.0,740.2,258.8,525.3,696.2,0
17787,bent,375.5,533.0,733.0,376.0,560.5,699.8,0
17790,bent,375.5,533.0,733.0,414.8,525.4,696.0,0
17791,bent,455.4,527.5,744.7,414.8,525.4,696.0,0
17815,bent,455.4,527.5,744.7,460.0,564.4,702.0,0
17818,bent,455.4,527.5,744.7,492.9,524.8,696.2,0
17826,bent,533.1,562.8,697.7,502.0,559.0,746.0,0
17843,bent,531.8,521.7,744.4,533.1,562.8,697.7,0
17846,bent,531.8,521.7,744.4,570.9,523.4,697.9,0
17855,missing,570.9,523.4,697.9,572.1,564.1,657.2,0
17864,bent,612.9,594.0,745.9,649.7,562.3,737.8,0
17874,bent,602.9,524.9,743.1,649.3,522.5,697.4,0
17888,thin,695.1,521.8,648.9,727.1,560.9,658.9,1
17895,disconnected,764.5,604.5,730.0,727.3,560.7,735.7,0
17903,thin,764.5,604.5,730.0,763.7,560.3,698.0,0
17912,bent,763.7,560.3,698.0,727.1,560.9,658.9,0
17934,bent,74.0,611.0,735.0,103.3,604.0,696.3,0
17992,bent,220.1,643.4,695.7,251.3,637.3,734.3,0
18001,bent,258.9,604.5,696.3,251.3,637.3,734.3,0
18015,bent,303.7,605.0,743.7,298.5,643.8,696.1,0
18018,bent,303.7,605.0,743.7,337.2,604.2,696.0,0
18019,bent,381.3,598.0,745.0,337.2,604.2,696.0,0
18030,bent,337.8,683.0,695.9,341.3,642.4,744.6,0
18043,bent,381.3,598.0,745.0,376.6,643.0,696.1,0
18056,thin,415.6,603.9,696.4,446.6,643.4,707.2,0
18075,bent,528.5,604.8,744.2,493.7,603.1,696.1,0
18076,bent,446.6,643.4,707.2,504.0,643.7,745.0,0
18078,thin,446.6,643.4,707.2,494.4,681.4,697.2,0
18082,bent,533.0,641.8,696.7,504.0,643.7,745.0,0
18103,bent,612.9,594.0,745.9,572.0,602.5,697.1,0
18104,bent,533.0,641.8,696.7,571.7,637.3,743.3,0
18130,bent,612.9,594.0,745.9,649.7,602.0,697.3,0
18150,disconnected,764.5,604.5,730.0,727.7,640.0,736.7,0
18151,disconnected,764.5,684.0,731.5,727.7,640.0,736.7,0
18159,bent,764.5,684.0,731.5,764.3,639.3,699.0,0
18180,disconnected,64.0,753.0,725.0,102.9,713.6,744.5,0
18185,thin,68.0,753.7,656.7,66.9,723.0,695.6,0
18187,bent,62.0,676.2,729.3,66.9,723.0,695.6,0
18192,missing,142.0,754.0,655.8,102.5,753.8,694.8,0
18193,missing,68.0,753.7,656.7,102.5,753.8,694.8,0
18194,missing,64.0,753.0,725.0,102.5,753.8,694.8,0
18195,missing,143.8,753.0,739.6,102.5,753.8,694.8,0
18196,bent,66.9,723.0,695.6,102.9,713.6,744.5,0
18198,thin,66.9,723.0,695.6,102.5,753.8,694.8,0
18200,missing,142.8,723.5,695.9,103.2,723.3,655.4,0
18205,bent,103.5,683.1,695.6,102.9,713.6,744.5,0
18206,bent,102.5,753.8,694.8,102.9,713.6,744.5,0
18215,disconnected,220.0,754.0,726.0,188.8,723.0,729.0,0
18224,missing,220.3,753.3,653.3,180.7,754.0,692.3,0
18225,missing,142.0,754.0,655.8,180.7,754.0,692.3,0
18226,disconnected,143.8,753.0,739.6,180.7,754.0,692.3,0
18227,missing,220.0,754.0,726.0,180.7,754.0,692.3,0
18233,thin,220.0,725.3,692.8,180.7,754.0,692.3,0
18238,missing,180.7,754.0,692.3,188.8,723.0,729.0,0
18240,thin,226.4,679.1,662.7,259.9,722.2,656.8,0
18249,missing,220.3,753.3,653.3,220.0,725.3,692.8,0
18256,missing,298.5,752.2,656.8,255.8,752.5,697.0,0
18257,missing,220.3,753.3,653.3,255.8,752.5,697.0,0
18258,disconnected,220.0,754.0,726.0,255.8,752.5,697.0,0
18259,missing,298.0,753.0,727.0,255.8,752.5,697.0,0
18265,thin,298.9,722.4,696.2,255.8,752.5,697.0,0
18270,disconnected,255.8,752.5,697.0,259.9,720.1,736.9,0
18274,missing,380.0,751.0,658.0,337.6,721.9,657.2,0
18288,missing,380.0,751.0,658.0,337.5,752.2,695.2,0
18289,missing,298.5,752.2,656.8,337.5,752.2,695.2,0
18290,missing,298.0,753.0,727.0,337.5,752.2,695.2,0
18291,missing,377.0,753.0,727.0,337.5,752.2,695.2,0
18313,thin,380.0,751.0,658.0,377.0,721.4,696.4,0
18319,bent,458.0,668.7,743.7,415.9,682.2,696.6,0
18320,missing,454.8,752.2,656.8,415.8,751.2,696.5,0
18321,missing,380.0,751.0,658.0,415.8,751.2,696.5,0
18322,missing,377.0,753.0,727.0,415.8,751.2,696.5,0
18323,missing,455.0,752.0,728.0,415.8,751.2,696.5,0
18324,bent,377.0,721.4,696.4,415.5,718.5,741.5,0
18347,bent,458.0,668.7,743.7,455.1,721.1,696.9,0
18350,bent,458.0,668.7,743.7,494.4,681.4,697.2,0
18352,missing,533.2,751.8,657.8,494.0,751.0,697.2,0
18353,missing,454.8,752.2,656.8,494.0,751.0,697.2,0
18354,missing,455.0,752.0,728.0,494.0,751.0,697.2,0
18355,missing,533.0,752.0,728.0,494.0,751.0,697.2,0
18384,missing,611.0,750.8,657.2,572.0,751.5,697.2,0
18385,missing,533.2,751.8,657.8,572.0,751.5,697.2,0
18386,missing,533.0,752.0,728.0,572.0,751.5,697.2,0
18387,missing,611.0,752.0,729.0,572.0,751.5,697.2,0
18407,disconnected,690.0,750.0,726.0,651.0,719.5,736.0,0
18414,bent,607.7,681.3,743.0,646.6,683.3,697.2,0
18416,missing,689.5,750.0,658.2,650.2,751.2,696.5,0
18417,missing,611.0,750.8,657.2,650.2,751.2,696.5,0
18418,missing,611.0,752.0,729.0,650.2,751.2,696.5,0
18419,missing,690.0,750.0,726.0,650.2,751.2,696.5,0
18430,thin,650.2,751.2,696.5,651.0,719.5,736.0,0
18436,disconnected,690.0,750.0,726.0,729.0,719.5,737.5,0
18439,missing,766.0,749.0,727.0,729.0,719.5,737.5,0
18445,thin,763.0,750.3,657.7,764.9,719.5,698.8,0
18450,bent,685.1,669.6,745.8,729.0,679.5,699.0,0
18452,missing,763.0,750.3,657.7,728.5,750.5,697.2,0
18453,missing,689.5,750.0,658.2,728.5,750.5,697.2,0
18454,missing,690.0,750.0,726.0,728.5,750.5,697.2,0
18455,missing,766.0,749.0,727.0,728.5,750.5,697.2,0
18461,thin,764.9,719.5,698.8,728.5,750.5,697.2,0
18466,thin,728.5,750.5,697.2,729.0,719.5,737.5,0
